Fiscal_Year,Province,Crop,Production_Mt
2024/25,Koshi,Buckwheat,4775.0
2024/25,Madhesh,Buckwheat,
2024/25,Bagmati,Buckwheat,3260.0
2024/25,Gandaki,Buckwheat,1808.0
2024/25,Lumbini,Buckwheat,649.0
2024/25,Karnali,Buckwheat,3095.0
2024/25,Sudurpashchim,Buckwheat,49.0
2024/25,Nepal,Buckwheat,13636.0
2024/25,Koshi,Barley,1285.0
2024/25,Madhesh,Barley,297.0
2024/25,Bagmati,Barley,1576.0
2024/25,Gandaki,Barley,1248.0
2024/25,Lumbini,Barley,4025.0
2024/25,Karnali,Barley,9213.0
2024/25,Sudurpashchim,Barley,4610.0
2024/25,Nepal,Barley,22254.0
2024/25,Koshi,Millet,85972.0
2024/25,Madhesh,Millet,2965.0
2024/25,Bagmati,Millet,74300.0
2024/25,Gandaki,Millet,74106.0
2024/25,Lumbini,Millet,11152.0
2024/25,Karnali,Millet,17183.0
2024/25,Sudurpashchim,Millet,18673.0
2024/25,Nepal,Millet,284352.0
2024/25,Koshi,Wheat,137730.0
2024/25,Madhesh,Wheat,643909.0
2024/25,Bagmati,Wheat,126933.0
2024/25,Gandaki,Wheat,55663.0
2024/25,Lumbini,Wheat,586417.0
2024/25,Karnali,Wheat,165044.0
2024/25,Sudurpashchim,Wheat,340114.0
2024/25,Nepal,Wheat,2055811.0
2024/25,Koshi,Maize,1166149.0
2024/25,Madhesh,Maize,254329.0
2024/25,Bagmati,Maize,657019.0
2024/25,Gandaki,Maize,393313.0
2024/25,Lumbini,Maize,477593.0
2024/25,Karnali,Maize,217304.0
2024/25,Sudurpashchim,Maize,109886.0
2024/25,Nepal,Maize,3275592.0
2024/25,Koshi,Paddy,1466518.0
2024/25,Madhesh,Paddy,1480830.0
2024/25,Bagmati,Paddy,498662.0
2024/25,Gandaki,Paddy,379032.0
2024/25,Lumbini,Paddy,1364031.0
2024/25,Karnali,Paddy,130191.0
2024/25,Sudurpashchim,Paddy,636212.0
2024/25,Nepal,Paddy,5955476.0
