Fiscal_Year,Province,District,Area_Ha,Production_Mt,Yield_Mt_per_Ha,Row_Type
2024/25,KOSHI,TAPLEJUNG,21673,63863,2.95,District
2024/25,KOSHI,SANKHUWASABHA,30542,72264,2.37,District
2024/25,KOSHI,SOLUKHUMBU,20336,43610,2.14,District
2024/25,KOSHI,PANCHTHAR,34075,103681,3.04,District
2024/25,KOSHI,ILLAM,51207,184964,3.61,District
2024/25,KOSHI,TERHATHUM,23365,57531,2.46,District
2024/25,KOSHI,DHANKUTA,28217,71703,2.54,District
2024/25,KOSHI,BHOJPUR,50519,134910,2.67,District
2024/25,KOSHI,KHOTANG,48641,90985,1.87,District
2024/25,KOSHI,OKHALDHUNGA,26517,72463,2.73,District
2024/25,KOSHI,UDAYAPUR,40642,119266,2.93,District
2024/25,KOSHI,JHAPA,145228,851817,5.87,District
2024/25,KOSHI,MORANG,121598,624581,5.14,District
2024/25,KOSHI,SUNSARI,76612,370791,4.84,District
2024/25,KOSHI SUBTOTAL,NEPAL,719171,2862430,3.98,Province Subtotal
2024/25,MADHESH,SAPTARI,81032,281527,3.47,District
2024/25,MADHESH,SIRAHA,65693,278814,4.24,District
2024/25,MADHESH,DHANUSHA,77755,256485,3.3,District
2024/25,MADHESH,MAHOTTARI,69868,257113,3.68,District
2024/25,MADHESH,SARLAHI,80153,301243,3.76,District
2024/25,MADHESH,RAUTAHAT,57070,220417,3.86,District
2024/25,MADHESH,BARA,107627,466647,4.34,District
2024/25,MADHESH,PARSA,78229,320083,4.09,District
2024/25,MADHESH SUBTOTAL,NEPAL,617426,2382330,3.86,Province Subtotal
2024/25,BAGMATI,DOLAKHA,18175,43238,2.38,District
2024/25,BAGMATI,SINDHUPALCHOK,59904,142054,2.37,District
2024/25,BAGMATI,RASUWA,5696,12070,2.12,District
2024/25,BAGMATI,RAMECHAP,38756,98281,2.54,District
2024/25,BAGMATI,SINDHULI,54954,158197,2.88,District
2024/25,BAGMATI,KAVRE,46303,145717,3.15,District
2024/25,BAGMATI,BHAKTAPUR,7238,38085,5.26,District
2024/25,BAGMATI,LALITPUR,16326,65430,4.01,District
2024/25,BAGMATI,KATHMANDU,13866,58550,4.22,District
2024/25,BAGMATI,NUWAKOT,44856,148526,3.31,District
2024/25,BAGMATI,DHADING,43466,130196,3.0,District
2024/25,BAGMATI,MAKWANPUR,34675,110410,3.18,District
2024/25,BAGMATI,CHITWAN,52212,210997,4.04,District
2024/25,BAGMATI SUBTOTAL,NEPAL,436427,1361749,3.12,Province Subtotal
2024/25,GANDAKI,MANANG,376,551,1.47,District
2024/25,GANDAKI,MUSTANG,695,1585,2.28,District
2024/25,GANDAKI,GORKHA,42540,104434,2.45,District
2024/25,GANDAKI,LAMJUNG,29199,71186,2.44,District
2024/25,GANDAKI,TANAHU,40093,129929,3.24,District
2024/25,GANDAKI,KASKI,42143,119177,2.83,District
2024/25,GANDAKI,PARBAT,27842,67467,2.42,District
2024/25,GANDAKI,SYANGJA,37317,125680,3.37,District
2024/25,GANDAKI,MYAGDI,17966,50990,2.84,District
2024/25,GANDAKI,BAGLUNG,35860,99567,2.78,District
2024/25,GANDAKI,NAWALPARASIEAST,32143,134604,4.19,District
2024/25,GANDAKI SUBTOTAL,NEPAL,306173,905170,2.96,Province Subtotal
2024/25,LUMBINI,PALPA,22184,85350,3.85,District
2024/25,LUMBINI,GULMI,39741,155540,3.91,District
2024/25,LUMBINI,ARGHAKHANCHI,43306,157608,3.64,District
2024/25,LUMBINI,NAWALPARASIWEST,48690,188222,3.87,District
2024/25,LUMBINI,RUPANDEHI,88800,367913,4.14,District
2024/25,LUMBINI,KAPILBASTU,84856,362689,4.27,District
2024/25,LUMBINI,DANG,68581,269390,3.93,District
2024/25,LUMBINI,BANKE,70724,276342,3.91,District
2024/25,LUMBINI,BARDIYA,76427,339506,4.44,District
2024/25,LUMBINI,RUKUMEAST,23414,67583,2.89,District
2024/25,LUMBINI,PYUTHAN,15317,49171,3.21,District
2024/25,LUMBINI,ROLPA,33427,124553,3.73,District
2024/25,LUMBINI SUBTOTAL,NEPAL,615465,2443867,3.97,Province Subtotal
2024/25,KARNALI,DOLPA,6386,9908,1.55,District
2024/25,KARNALI,MUGU,6569,9974,1.52,District
2024/25,KARNALI,HUMLA,4612,5501,1.19,District
2024/25,KARNALI,JUMLA,14691,28521,1.94,District
2024/25,KARNALI,KALIKOT,13763,27272,1.98,District
2024/25,KARNALI,RUKUMWEST,21969,47706,2.17,District
2024/25,KARNALI,SALYAN,39283,108516,2.76,District
2024/25,KARNALI,JAJARKOT,25402,61765,2.43,District
2024/25,KARNALI,DAILEKH,42500,103363,2.43,District
2024/25,KARNALI,SURKHET,43574,139504,3.2,District
2024/25,KARNALI SUBTOTAL,NEPAL,218749,542030,2.48,Province Subtotal
2024/25,SUDURPASHCHIM,BAJURA,14898,27555,1.85,District
2024/25,SUDURPASHCHIM,BAJHANG,23293,49756,2.14,District
2024/25,SUDURPASHCHIM,DARCHULA,16638,38323,2.3,District
2024/25,SUDURPASHCHIM,ACHHAM,29243,58436,2.0,District
2024/25,SUDURPASHCHIM,DOTI,25300,49205,1.94,District
2024/25,SUDURPASHCHIM,BAITADI,27155,59081,2.18,District
2024/25,SUDURPASHCHIM,DADELDHURA,15450,39033,2.53,District
2024/25,SUDURPASHCHIM,KAILALI,114214,475143,4.16,District
2024/25,SUDURPASHCHIM,KANCHANPUR,77707,313013,4.03,District
2024/25,SUDURPASHCHIM SUBTOTAL,NEPAL,343898,1109545,3.23,Province Subtotal
2024/25,NEPAL,NEPAL,3257310,11607121,3.56,Province Subtotal
