Fiscal_Year,Crop,Area_Ha,Production_Mt,Yield_Mt_per_Ha
2015/16,Cotton,125,129,1.03
2016/17,Cotton,143,127,0.89
2017/18,Cotton,120,125,1.04
2018/19,Cotton,97,99,1.02
2019/20,Cotton,135,140,1.02
2020/21,Cotton,142,147,1.04
2021/22,Cotton,155,172,1.11
2022/23,Cotton,60,65,1.09
2023/24,Cotton,56,56,1.0
2024/25,Cotton,13,14,1.11
2015/16,Jute,8011,11633,1.45
2016/17,Jute,7477,11018,1.47
2017/18,Jute,7607,11159,1.47
2018/19,Jute,7285,10585,1.45
2019/20,Jute,7555,10165,1.45
2020/21,Jute,7415,10451,1.41
2021/22,Jute,7195,10217,1.42
2022/23,Jute,7220,10205,1.41
2023/24,Jute,7210,10220,1.42
2024/25,Jute,7126,10125,1.42
2015/16,Sugarcane,80931,4346754,53.71
2016/17,Sugarcane,70807,3219560,45.47
2017/18,Sugarcane,78609,3679508,46.81
2018/19,Sugarcane,71625,3557934,49.67
2019/20,Sugarcane,68565,3400176,49.59
2020/21,Sugarcane,64354,3183943,49.48
2021/22,Sugarcane,62567,3159634,50.5
2022/23,Sugarcane,62833,3130109,49.82
2023/24,Sugarcane,55440,2760495,49.79
2024/25,Sugarcane,53512,2694050,50.34
2015/16,Potato,199971,2805582,14.03
2016/17,Potato,185879,2591686,13.94
2017/18,Potato,195268,3088000,15.81
2018/19,Potato,193997,3112947,16.05
2019/20,Potato,188098,3131830,16.65
2020/21,Potato,198788,3325231,16.73
2021/22,Potato,198256,3410829,17.2
2022/23,Potato,203812,3487816,17.11
2023/24,Potato,211505,3521794,16.65
2024/25,Potato,220599,3681517,16.69
2015/16,Oilseed,217867,208291,0.78
2016/17,Oilseed,207978,214451,0.78
2017/18,Oilseed,224595,245867,0.78
2018/19,Oilseed,260307,280530,1.08
2019/20,Oilseed,258141,278325,1.08
2020/21,Oilseed,259101,287038,1.11
2021/22,Oilseed,260645,287344,1.1
2022/23,Oilseed,244046,270482,1.11
2023/24,Oilseed,239033,262561,1.1
2024/25,Oilseed,248412,273197,1.1
