Fiscal_Year,Province,Crop,Area_Ha,Production_Mt,Yield_Mt_per_Ha
2024/25,Koshi,Potato,66607,1090527,16.37
2024/25,Madhesh,Potato,35559,527138,14.82
2024/25,Bagmati,Potato,39671,742637,19.09
2024/25,Gandaki,Potato,20476,374605,18.29
2024/25,Lumbini,Potato,27225,438707,16.11
2024/25,Karnali,Potato,12760,220799,17.3
2024/25,Sudurpashchim,Potato,18301,287104,15.69
2024/25,Nepal,Potato,220599,3681517,16.69
2024/25,Koshi,Sugarcane,5932,342285,57.7
2024/25,Madhesh,Sugarcane,35562,1723361,48.46
2024/25,Bagmati,Sugarcane,77,1595,20.71
2024/25,Gandaki,Sugarcane,325,13226,40.7
2024/25,Lumbini,Sugarcane,5353,251660,47.01
2024/25,Karnali,Sugarcane,8,43,5.33
2024/25,Sudurpashchim,Sugarcane,6255,361880,57.85
2024/25,Nepal,Sugarcane,53512,2694050,50.34
2024/25,Koshi,Oilseed,43092,53012,1.23
2024/25,Madhesh,Oilseed,55602,59272,1.07
2024/25,Bagmati,Oilseed,31709,37332,1.18
2024/25,Gandaki,Oilseed,11396,12088,1.06
2024/25,Lumbini,Oilseed,65762,70742,1.08
2024/25,Karnali,Oilseed,17613,17310,0.98
2024/25,Sudurpashchim,Oilseed,23238,23441,1.01
2024/25,Nepal,Oilseed,248412,273197,1.1
