Fiscal_Year,Crop,Area_Ha,Production_Mt,Yield_Kg_per_Ha
2013/14,Grass Pea,11495.0,14103.0,1227.0
2014/15,Grass Pea,11413.0,14144.0,1239.0
2015/16,Grass Pea,8075.0,9354.0,1239.0
2016/17,Grass Pea,8075.0,9354.0,1239.0
2017/18,Grass Pea,7757.0,9187.0,1184.0
2018/19,Grass Pea,7952.0,9329.0,1173.0
2019/20,Grass Pea,7997.0,9504.0,1188.0
2020/21,Grass Pea,10456.0,11965.0,1144.0
2021/22,Grass Pea,10407.0,12072.0,1160.0
2022/23,Grass Pea,5643.0,6404.0,1.0
2023/24,Grass Pea,5046.0,5546.0,1.1
2024/25,Grass Pea,4348.0,4933.0,1.13
2013/14,Black Gram,23312.0,19383.0,831.0
2014/15,Black Gram,23147.0,19439.0,840.0
2015/16,Black Gram,23312.0,19402.0,840.0
2016/17,Black Gram,23429.0,19499.0,840.0
2017/18,Black Gram,24305.0,20839.0,857.0
2018/19,Black Gram,23492.0,19928.0,848.0
2019/20,Black Gram,23056.0,20440.0,887.0
2020/21,Black Gram,24500.0,21633.0,883.0
2021/22,Black Gram,28383.0,26114.0,920.0
2022/23,Black Gram,26239.0,24754.0,1.0
2023/24,Black Gram,25367.0,23702.0,0.93
2024/25,Black Gram,25394.0,23571.0,0.93
2013/14,Pigeon Pea,17006.0,16415.0,965.0
2014/15,Pigeon Pea,16885.0,16462.0,975.0
2015/16,Pigeon Pea,17006.0,16415.0,975.0
2016/17,Pigeon Pea,17091.0,16497.0,975.0
2017/18,Pigeon Pea,16428.0,16211.0,987.0
2018/19,Pigeon Pea,16753.0,16538.0,987.0
2019/20,Pigeon Pea,16895.0,17063.0,1010.0
2020/21,Pigeon Pea,16591.0,16649.0,1004.0
2021/22,Pigeon Pea,15512.0,15977.0,1030.0
2022/23,Pigeon Pea,11745.0,12710.0,1.0
2023/24,Pigeon Pea,12447.0,11605.0,0.93
2024/25,Pigeon Pea,11601.0,12073.0,1.04
2013/14,Chickpea,9341.0,9380.0,1004.0
2014/15,Chickpea,9274.0,9408.0,1014.0
2015/16,Chickpea,9883.0,10914.0,1104.0
2016/17,Chickpea,9933.0,10969.0,1104.0
2017/18,Chickpea,9882.0,11271.0,1141.0
2018/19,Chickpea,9653.0,10675.0,1106.0
2019/20,Chickpea,9982.0,11285.0,1130.0
2020/21,Chickpea,9840.0,11065.0,1022.0
2021/22,Chickpea,10793.0,12196.0,1022.0
2022/23,Chickpea,10408.0,11980.0,1.0
2023/24,Chickpea,8929.0,9940.0,1.11
2024/25,Chickpea,8668.0,9836.0,1.13
2013/14,Lentil,205939.0,226830.0,1101.0
2014/15,Lentil,204475.0,227492.0,1113.0
2015/16,Lentil,205939.0,253041.0,1113.0
2016/17,Lentil,206969.0,254308.0,1229.0
2017/18,Lentil,198605.0,249491.0,1256.0
2018/19,Lentil,208766.0,251185.0,1203.0
2019/20,Lentil,212876.0,262835.0,1235.0
2020/21,Lentil,202416.0,246092.0,1216.0
2021/22,Lentil,198454.0,252283.0,1271.0
2022/23,Lentil,173011.0,200787.0,1.0
2023/24,Lentil,145984.0,152936.0,1.05
2024/25,Lentil,132619.0,141257.0,1.07
2013/14,Total,328738.0,352473.0,1.07
2014/15,Total,326400.0,353500.0,1.08
2015/16,Total,327321.0,363693.0,1.11
2016/17,Total,326055.0,378196.0,1.16
2017/18,Total,311382.0,368741.0,1.18
2018/19,Total,331740.0,381987.0,1.15
2019/20,Total,340692.0,404210.0,1.19
2020/21,Total,335143.0,394355.0,1.18
2021/22,Total,334550.0,408371.0,1.22
2022/23,Total,296257.0,340206.0,1.15
2023/24,Total,258300.0,276520.0,1.07
2024/25,Total,251516.0,275995.0,1.1
2013/14,Others +,30644.0,32817.0,1071.0
2014/15,Others +,30427.0,32913.0,1082.0
2015/16,Others +,30644.0,32817.0,1082.0
2016/17,Others +,30644.0,32817.0,1082.0
2017/18,Others +,26303.0,28397.0,1080.0
2018/19,Others +,33826.0,37011.0,1094.0
2019/20,Others +,36784.0,41672.0,1133.0
2020/21,Others +,32262.0,39320.0,1219.0
2021/22,Others +,33832.0,40260.0,1190.0
2022/23,Others +,29700.0,32468.0,1.0
2023/24,Others +,26164.0,30332.0,1.16
2024/25,Others +,31249.0,35670.0,1.14
2013/14,Himili Bean,,,
2014/15,Himili Bean,,,
2015/16,Himili Bean,,,
2016/17,Himili Bean,,,
2017/18,Himili Bean,,,
2018/19,Himili Bean,,,
2019/20,Himili Bean,,,
2020/21,Himili Bean,,,
2021/22,Himili Bean,,,
2022/23,Himili Bean,6560.0,8336.0,1.0
2023/24,Himili Bean,6675.0,8712.0,1.31
2024/25,Himili Bean,6560.0,8388.0,1.28
2013/14,Soyabean,23757.0,28237.0,1189.0
2014/15,Soyabean,23588.0,28319.0,1201.0
2015/16,Soyabean,23446.0,28917.0,1201.0
2016/17,Soyabean,23563.0,29061.0,1233.0
2017/18,Soyabean,21897.0,27681.0,1264.0
2018/19,Soyabean,25179.0,31567.0,1254.0
2019/20,Soyabean,26775.0,34544.0,1290.0
2020/21,Soyabean,25758.0,32178.0,1249.0
2021/22,Soyabean,24921.0,35138.0,1410.0
2022/23,Soyabean,26842.0,36672.0,1.0
2023/24,Soyabean,22549.0,28520.0,1.26
2024/25,Soyabean,25050.0,34102.0,1.36
2013/14,Horse Gram,6233.0,5662.0,908.0
2014/15,Horse Gram,6188.0,5678.0,918.0
2015/16,Horse Gram,6319.0,5662.0,918.0
2016/17,Horse Gram,6351.0,5690.0,918.0
2017/18,Horse Gram,6205.0,5664.0,913.0
2018/19,Horse Gram,6119.0,5754.0,940.0
2019/20,Horse Gram,6326.0,6865.0,1085.0
2020/21,Horse Gram,13311.0,15453.0,1161.0
2021/22,Horse Gram,12248.0,14330.0,1170.0
2022/23,Horse Gram,6109.0,6097.0,1.0
2023/24,Horse Gram,5139.0,5228.0,1.02
2024/25,Horse Gram,6027.0,6165.0,1.02
