Fiscal_Year,Category,Population
2024/25,Cattle,5141391
2024/25,Buffaloes,3294723
2024/25,Sheep,652742
2024/25,Goat,15954080
2024/25,Pigs,1480832
2024/25,Fowl,56391680
2024/25,Duck,832235
2024/25,Milking Cow,1055828
2024/25,Milking Buffaloes,965920
2024/25,Laying Hen,12405021
2024/25,Laying Duck,321908
2023/24,Cattle,5198388
2023/24,Buffaloes,3307031
2023/24,Sheep,633222
2023/24,Goat,15289954
2023/24,Pigs,1497411
2023/24,Fowl,56916567
2023/24,Duck,796758
2023/24,Milking Cow,1063189
2023/24,Milking Buffaloes,1251323
2023/24,Laying Hen,13487122
2023/24,Laying Duck,444292
2022/23,Cattle,4750329
2022/23,Buffaloes,3081061
2022/23,Sheep,501848
2022/23,Goat,14541244
2022/23,Pigs,1357507
2022/23,Fowl,65205250
2022/23,Duck,1325998
2022/23,Milking Cow,916578
2022/23,Milking Buffaloes,851272
2022/23,Laying Hen,12725053
2022/23,Laying Duck,661937
2021/22,Cattle,7413196
2021/22,Buffaloes,5132931
2021/22,Sheep,771204
2021/22,Goat,13990703
2021/22,Pigs,1504623
2021/22,Fowl,66803116
2021/22,Duck,605943
2021/22,Milking Cow,1223061
2021/22,Milking Buffaloes,1666827
2021/22,Laying Hen,10131642
2021/22,Laying Duck,302472
2020/21,Cattle,7466841
2020/21,Buffaloes,5159931
2020/21,Sheep,793725
2020/21,Goat,13442614
2020/21,Pigs,1588838
2020/21,Fowl,73418077
2020/21,Duck,432226
2020/21,Milking Cow,1209040
2020/21,Milking Buffaloes,1630642
2020/21,Laying Hen,11374011
2020/21,Laying Duck,220531
2019/20,Cattle,7458885
2019/20,Buffaloes,5257591
2019/20,Sheep,806079
2019/20,Goat,12811953
2019/20,Pigs,1519593
2019/20,Fowl,82598879
2019/20,Duck,427226
2019/20,Milking Cow,1166156
2019/20,Milking Buffaloes,1635492
2019/20,Laying Hen,12927842
2019/20,Laying Duck,191701
2018/19,Cattle,7385035
2018/19,Buffaloes,5308664
2018/19,Sheep,798889
2018/19,Goat,12283752
2018/19,Pigs,1488338
2018/19,Fowl,75709330
2018/19,Duck,416400
2018/19,Milking Cow,1078775
2018/19,Milking Buffaloes,1560584
2018/19,Laying Hen,12526979
2018/19,Laying Duck,190747
2017/18,Cattle,7376306
2017/18,Buffaloes,5277819
2017/18,Sheep,800749
2017/18,Goat,11647319
2017/18,Pigs,1435369
2017/18,Fowl,72245732
2017/18,Duck,404670
2017/18,Milking Cow,1039538
2017/18,Milking Buffaloes,1535948
2017/18,Laying Hen,12517558
2017/18,Laying Duck,186912
2016/17,Cattle,7347487
2016/17,Buffaloes,5177998
2016/17,Sheep,801975
2016/17,Goat,11165099
2016/17,Pigs,1328036
2016/17,Fowl,70007151
2016/17,Duck,394775
2016/17,Milking Cow,1029529
2016/17,Milking Buffaloes,1509512
2016/17,Laying Hen,12388889
2016/17,Laying Duck,183940
2015/16,Cattle,7302808
2015/16,Buffaloes,5168809
2015/16,Sheep,800658
2015/16,Goat,10986114
2015/16,Pigs,1291308
2015/16,Fowl,68630638
2015/16,Duck,392255
2015/16,Milking Cow,1026135
2015/16,Milking Buffaloes,1355384
2015/16,Laying Hen,12353515
2015/16,Laying Duck,180927
