Fiscal_Year,Product,Value
2024/25,Milk Production (Mt.),2718177.0
2024/25,Cow Milk (Mt.),1302094.0
2024/25,Buff. Milk (Mt.),1416083.0
2024/25,Meat (Net) Production (Mt.),456430.0
2024/25,Buff (Mt.),141649.0
2024/25,Mutton (Sheep) (Mt.),2766.0
2024/25,Chevon (Mt.),90186.0
2024/25,Pork (Mt.),38272.0
2024/25,Chicken (Mt.),182516.0
2024/25,Duck (Mt.),1041.0
2024/25,Egg Production (‘000 Number),1632289.0
2024/25,Hen Egg (‘000 Number),1601997.0
2024/25,Duck Egg(‘000 Number),30292.0
2024/25,Wool Production(Kg.),399432.0
2024/25,Fish Production (Mt),131112.0
2023/24,Milk Production (Mt.),2683874.0
2023/24,Cow Milk (Mt.),1281718.0
2023/24,Buff. Milk (Mt.),1402156.0
2023/24,Meat (Net) Production (Mt.),447767.0
2023/24,Buff (Mt.),138271.0
2023/24,Mutton (Sheep) (Mt.),2762.0
2023/24,Chevon (Mt.),86280.0
2023/24,Pork (Mt.),39183.0
2023/24,Chicken (Mt.),180076.0
2023/24,Duck (Mt.),1195.0
2023/24,Egg Production (‘000 Number),1645407.0
2023/24,Hen Egg (‘000 Number),1602755.0
2023/24,Duck Egg(‘000 Number),42652.0
2023/24,Wool Production(Kg.),389742.0
2023/24,Fish Production (Mt),123403.0
2022/23,Milk Production (Mt.),2613843.0
2022/23,Cow Milk (Mt.),1214046.0
2022/23,Buff. Milk (Mt.),1399797.0
2022/23,Meat (Net) Production (Mt.),430085.0
2022/23,Buff (Mt.),116503.0
2022/23,Mutton (Sheep) (Mt.),1874.0
2022/23,Chevon (Mt.),77162.0
2022/23,Pork (Mt.),32533.0
2022/23,Chicken (Mt.),200658.0
2022/23,Duck (Mt.),1355.0
2022/23,Egg Production (‘000 Number),1607333.0
2022/23,Hen Egg (‘000 Number),1547103.0
2022/23,Duck Egg(‘000 Number),60229.0
2022/23,Wool Production(Kg.),381105.0
2022/23,Fish Production (Mt),113736.0
2021/22,Milk Production (Mt.),2566614.0
2021/22,Cow Milk (Mt.),1101812.0
2021/22,Buff. Milk (Mt.),1464802.0
2021/22,Meat (Net) Production (Mt.),512788.0
2021/22,Buff (Mt.),194090.0
2021/22,Mutton (Sheep) (Mt.),2880.0
2021/22,Chevon (Mt.),74241.0
2021/22,Pork (Mt.),36059.0
2021/22,Chicken (Mt.),204923.0
2021/22,Duck (Mt.),596.0
2021/22,Egg Production (‘000 Number),1330602.0
2021/22,Hen Egg (‘000 Number),1306380.0
2021/22,Duck Egg(‘000 Number),24223.0
2021/22,Wool Production(Kg.),567411.0
2021/22,Fish Production (Mt),108383.0
2020/21,Milk Production (Mt.),2479899.0
2020/21,Cow Milk (Mt.),1060487.0
2020/21,Buff. Milk (Mt.),1419412.0
2020/21,Meat (Net) Production (Mt.),520742.0
2020/21,Buff (Mt.),188172.0
2020/21,Mutton (Sheep) (Mt.),2964.0
2020/21,Chevon (Mt.),70755.0
2020/21,Pork (Mt.),31450.0
2020/21,Chicken (Mt.),226959.0
2020/21,Duck (Mt.),442.0
2020/21,Egg Production (‘000 Number),1493550.0
2020/21,Hen Egg (‘000 Number),1475620.0
2020/21,Duck Egg(‘000 Number),17930.0
2020/21,Wool Production(Kg.),583999.0
2020/21,Fish Production (Mt),104623.0
2019/20,Milk Production (Mt.),2301000.0
2019/20,Cow Milk (Mt.),920400.0
2019/20,Buff. Milk (Mt.),1380600.0
2019/20,Meat (Net) Production (Mt.),552156.0
2019/20,Buff (Mt.),189517.0
2019/20,Mutton (Sheep) (Mt.),2735.0
2019/20,Chevon (Mt.),75023.0
2019/20,Pork (Mt.),29493.0
2019/20,Chicken (Mt.),255001.0
2019/20,Duck (Mt.),387.0
2019/20,Egg Production (‘000 Number),1620000.0
2019/20,Hen Egg (‘000 Number),1604526.0
2019/20,Duck Egg(‘000 Number),15474.0
2019/20,Wool Production(Kg.),592686.0
2019/20,Fish Production (Mt),97271.0
2018/19,Milk Production (Mt.),2168434.0
2018/19,Cow Milk (Mt.),795530.0
2018/19,Buff. Milk (Mt.),1372905.0
2018/19,Meat (Net) Production (Mt.),357082.0
2018/19,Buff (Mt.),188574.0
2018/19,Mutton (Sheep) (Mt.),2763.0
2018/19,Chevon (Mt.),73914.0
2018/19,Pork (Mt.),28579.0
2018/19,Chicken (Mt.),62899.0
2018/19,Duck (Mt.),352.0
2018/19,Egg Production (‘000 Number),1549689.0
2018/19,Hen Egg (‘000 Number),1534680.0
2018/19,Duck Egg(‘000 Number),15009.0
2018/19,Wool Production(Kg.),589738.0
2018/19,Fish Production (Mt),91832.0
2017/18,Milk Production (Mt.),2092403.0
2017/18,Cow Milk (Mt.),754126.0
2017/18,Buff. Milk (Mt.),1338277.0
2017/18,Meat (Net) Production (Mt.),347352.0
2017/18,Buff (Mt.),185180.0
2017/18,Mutton (Sheep) (Mt.),2754.0
2017/18,Chevon (Mt.),70802.0
2017/18,Pork (Mt.),28214.0
2017/18,Chicken (Mt.),60122.0
2017/18,Duck (Mt.),280.0
2017/18,Egg Production (‘000 Number),1512265.0
2017/18,Hen Egg (‘000 Number),1498024.0
2017/18,Duck Egg(‘000 Number),14241.0
2017/18,Wool Production(Kg.),594639.0
2017/18,Fish Production (Mt),86544.0
2016/17,Milk Production (Mt.),1911239.0
2016/17,Cow Milk (Mt.),665285.0
2016/17,Buff. Milk (Mt.),1245954.0
2016/17,Meat (Net) Production (Mt.),332544.0
2016/17,Buff (Mt.),180080.0
2016/17,Mutton (Sheep) (Mt.),2714.0
2016/17,Chevon (Mt.),67706.0
2016/17,Pork (Mt.),24535.0
2016/17,Chicken (Mt.),57268.0
2016/17,Duck (Mt.),241.0
2016/17,Egg Production (‘000 Number),1352296.0
2016/17,Hen Egg (‘000 Number),1338312.0
2016/17,Duck Egg(‘000 Number),13984.0
2016/17,Wool Production(Kg.),594312.0
2016/17,Fish Production (Mt),83898.0
2015/16,Milk Production (Mt.),1854247.0
2015/16,Cow Milk (Mt.),643806.0
2015/16,Buff. Milk (Mt.),1210441.0
2015/16,Meat (Net) Production (Mt.),322059.0
2015/16,Buff (Mt.),175005.0
2015/16,Mutton (Sheep) (Mt.),2684.0
2015/16,Chevon (Mt.),65583.0
2015/16,Pork (Mt.),23509.0
2015/16,Chicken (Mt.),55041.0
2015/16,Duck (Mt.),237.0
2015/16,Egg Production (‘000 Number),1308072.0
2015/16,Hen Egg (‘000 Number),1294166.0
2015/16,Duck Egg(‘000 Number),13906.0
2015/16,Wool Production(Kg.),588348.0
2015/16,Fish Production (Mt),
