Fruit_Group,Fiscal_Year,Total_Area_Ha,Productive_Area_Ha,Production_Mt,Yield_Mt_per_Ha
Citrus Fruits,2015/16,40554,24854,218447,8.79
Citrus Fruits,2016/17,46328,26759,239773,8.96
Citrus Fruits,2017/18,44424,25964,245176,9.44
Citrus Fruits,2018/19,46392,28411,272620,9.6
Citrus Fruits,2019/20,46715,27339,274140,10.03
Citrus Fruits,2020/21,50235,32188,311188,9.67
Citrus Fruits,2021/22,49306,32317,306149,9.47
Citrus Fruits,2022/23,49469,33829,317494,9.39
Citrus Fruits,2023/24,48329,34271,318939,9.31
Citrus Fruits,2024/25,48570,34918,323221,9.26
Winter Fruits,2015/16,27819,17125,126790,7.4
Winter Fruits,2016/17,27918,13937,93592,6.72
Winter Fruits,2017/18,28376,15031,108315,7.2
Winter Fruits,2018/19,29410,15877,115443,7.27
Winter Fruits,2019/20,31940,16318,116802,7.16
Winter Fruits,2020/21,33547,17351,128214,7.39
Winter Fruits,2021/22,33573,17979,132031,7.34
Winter Fruits,2022/23,36741,19883,145868,7.34
Winter Fruits,2023/24,32276,19090,147938,7.75
Winter Fruits,2024/25,31774,18206,144495,7.94
Summer Fruits,2015/16,88826,68608,631224,9.2
Summer Fruits,2016/17,88414,69806,684942,9.81
Summer Fruits,2017/18,87594,70749,733439,10.37
Summer Fruits,2018/19,88802,75740,790289,10.43
Summer Fruits,2019/20,92664,75368,858822,11.4
Summer Fruits,2020/21,93787,79194,916816,11.58
Summer Fruits,2021/22,99770,79237,978570,12.35
Summer Fruits,2022/23,102021,85765,1062233,12.39
Summer Fruits,2023/24,100736,85884,1041824,12.13
Summer Fruits,2024/25,101293,90258,1045088,11.58
Total Fruits,2015/16,157199,110586,976461,8.83
Total Fruits,2016/17,162660,110501,1018308,9.22
Total Fruits,2017/18,160394,111744,1086931,9.73
Total Fruits,2018/19,164603,120028,1178352,9.82
Total Fruits,2019/20,171318,119025,1249764,10.5
Total Fruits,2020/21,177568,128733,1356218,10.54
Total Fruits,2021/22,182648,129532,1416750,10.94
Total Fruits,2022/23,188231,139478,1525595,10.94
Total Fruits,2023/24,181340,139246,1508701,10.83
Total Fruits,2024/25,181637,143383,1512805,10.55
