Fiscal_Year,Urea_Mt,DAP_Mt,Potash_Mt,Total_ICL_STCL_Mt
2024/25,270151,154439,16715,441305
2023/24,259542,184046,14730,58318
2022/23,226148,110120,6455,342723
2021/22,143482,77720,6633,27836
2020/21,225180,140982,12990,379152
2019/20,224700,160298,9597,394595
2018/19,215733,120893,7377,344004
2017/18,235304,105619,7811,348734
2016/17,205425,114802,7991,328217
2015/16,213063,107121,7336,327520
2014/15,190163,101797,6716,298677
2013/14,145622,81520,5046,232189
2012/13,108553,65722,2688,176963
2011/12,97957,43146,3711,44813
2010/11,85191,22001,2821,110013
