Commodity,Percentage_Contribution_to_Agriculture_GDP
RICE PADDY (NOT HUSKED),12.82
VEGETABLES,14.47
MAIZE (CORN),6.64
POTATOES,6.56
WHEAT,5.88
"LENTILS, DRY",1.59
"GINGER, RAW",1.89
BANANAS,1.04
SUGAR CANE,1.38
MILLET,1.13
MUSTARD SEED,1.26
CHILIES,0.96
MANGOES,1.14
ORANGES (MANDARINE),1.04
ONION,0.89
GARLIC,0.8
"CHILLIES AND PEPPERS, DRY (<I>CAPSICUM</I> SPP., <I>PIMENTA</I> SPP.), RAW",0.66
OTHER OILSEED,0.54
"BEANS, DRY",0.53
APPLES,0.38
LEMONS AND LIMES,0.37
"NUTMEG, MACE, CARDAMOMS, RAW",0.41
"COW PEAS, DRY",0.44
"PULSES, N.E.C.",0.24
SWEET ORANGE,0.22
"CHICK PEAS, DRY",0.2
TEA LEAVES,0.16
"WALNUTS, IN SHELL",0.17
MUSHROOMS AND TRUFFLES,0.15
"OTHER TROPICAL AND SUBTROPICAL FRUITS, N.E.C.",0.14
"PIGEON PEAS, DRY",0.13
PEARS AND QUINCES,0.12
YAUTIA,0.11
"OTHER NUTS (EXCLUDING WILD EDIBLE NUTS AND GROUNDNUTS), IN SHELL",0.11
PINEAPPLES,0.1
LINSEED,0.1
BARLEY,0.09
GUAVA,0.09
"TRITICALE, BUCKWHEAT, FONIO, QUINOA, OTHER CEREALS NE.C",0.1
"OTHER FRUITS, N.E.C.",0.09
PAPAYAS,0.07
"COCONUTS, IN SHELL",0.06
PEACHES AND NECTARINES,0.06
"CUT FLOWERS AND FLOWER BUDS INCLUDING BOUQUETS, WREATHS, FLORAL BASKETS AND SIMILAR ARTICLES",0.06
YAMS,0.05
"GROUNDNUTS, SEED FOR PLANTING",0.05
CORIANDER SEED,0.05
"JUTE, KENAF, AND OTHER TEXTILE BAST FIBRES, RAW OR RETTED, EXCEPT FLAX, TRUE HEMP AND RAMIE",0.04
PLUMS AND SLOES,0.04
"OTHER EDIBLE ROOTS AND TUBERS WITH HIGH STARCH OR INULIN CONTENT, N.E.C.",0.03
SWEET POTATOES,0.03
"OTHER CITRUS FRUIT, N.E.C.",0.03
"BROAD BEANS AND HORSE BEANS, DRY",0.02
APRICOTS,0.02
SESAME SEED,0.02
KIWI FRUIT,0.02
OTHER POME FRUITS AND STONE FRUITS,0.01
"COFFEE, GREEN",0.01
UNMANUFACTURED TOBACCO,0.0
"PEPPER (<I>PIPER</I> SPP.), RAW",0.0
"COTTON, WHETHER OR NOT GINNED",0.0
"ALMONDS, IN SHELL",0.0
AVOCADOS,0.0
STRAWBERRIES,0.0
OLIVES,0.0
"RASPBERRIES, BLACKBERRIES, MULBERRIES AND LOGANBERRIES",0.0
CROPS TOTAL,65.8
RAW MILK OF BUFFALO,7.69
BUFFALO MEAT,4.03
RAW MILK OF CATTLE,4.14
GOATS,3.27
EXCRETA OF ANIMALS USEFUL FOR MANURE/ FERTILIZER AND FUEL PREPARATION,1.69
CHICKENS,1.52
"OTHER HEN EGGS IN SHELL, FRESH",0.82
SWINE/PIGS,0.4
NATURAL HONEY,0.17
SHEEP,0.07
OTHER RAW MILK N.E.C.,0.04
"OTHER EGGS FROM OTHER BIRDS IN SHELL, FRESH",0.01
EXCRETA OF ANIMALS USEFUL FOR MANURE/ FERTILIZER AND FUEL PREPARATION,0.0
OTHER BIRDS (PIGEON),0.01
DUCKS,0.01
"RAW MILK OF SHEEP, GOATS",0.01
OSTRICHES AND EMUS,0.01
"SHORN WOOL, GREASY, INCLUDING FLEECE-WASHED SHORN WOOL",0.01
TURKEYS,0.0
RABBITS AND HARES,0.0
EXCRETA OF ANIMALS USEFUL FOR MANURE/ FERTILIZER AND FUEL PREPARATION,0.0
EXCRETA OF ANIMALS USEFUL FOR MANURE/ FERTILIZER AND FUEL PREPARATION,0.02
LIVESTOCK TOTAL,23.92
FORESTRY TOTAL,8.71
FISHERY TOTAL,1.56
AGRICULTURE TOTAL WITH FORESTRY,100.0
